Email,First Name,Last Name
test@test.com1,Test 1,Test 1
test@test.com2,Test 2,Test 2
test@test.com3,Test 3,Test 3
test@test.com4,Test 4,Test 4
test@test.com5,Test 5,Test 5
test@test.com6,Test 6,Test 6
test@test.com7,Test 7,Test 7
test@test.com8,Test 8,Test 8
test@test.com9,Test 9,Test 9
test@test.com10,Test 10,Test 10
test@test.com11,Test 11,Test 11
test@test.com12,Test 12,Test 12
test@test.com13,Test 13,Test 13
test@test.com14,Test 14,Test 14
test@test.com15,Test 15,Test 15
test@test.com16,Test 16,Test 16
test@test.com17,Test 17,Test 17
test@test.com18,Test 18,Test 18
test@test.com19,Test 19,Test 19
test@test.com20,Test 20,Test 20
test@test.com21,Test 21,Test 21
test@test.com22,Test 22,Test 22
test@test.com23,Test 23,Test 23
test@test.com24,Test 24,Test 24
test@test.com25,Test 25,Test 25
test@test.com26,Test 26,Test 26
test@test.com27,Test 27,Test 27
test@test.com28,Test 28,Test 28
test@test.com29,Test 29,Test 29
test@test.com30,Test 30,Test 30
test@test.com31,Test 31,Test 31
test@test.com32,Test 32,Test 32
test@test.com33,Test 33,Test 33
test@test.com34,Test 34,Test 34
test@test.com35,Test 35,Test 35
test@test.com36,Test 36,Test 36
test@test.com37,Test 37,Test 37
test@test.com38,Test 38,Test 38
test@test.com39,Test 39,Test 39
test@test.com40,Test 40,Test 40
test@test.com41,Test 41,Test 41
test@test.com42,Test 42,Test 42
test@test.com43,Test 43,Test 43
test@test.com44,Test 44,Test 44
test@test.com45,Test 45,Test 45
test@test.com46,Test 46,Test 46
test@test.com47,Test 47,Test 47
test@test.com48,Test 48,Test 48
test@test.com49,Test 49,Test 49
test@test.com50,Test 50,Test 50
test@test.com51,Test 51,Test 51
test@test.com52,Test 52,Test 52
test@test.com53,Test 53,Test 53
test@test.com54,Test 54,Test 54
test@test.com55,Test 55,Test 55
test@test.com56,Test 56,Test 56
test@test.com57,Test 57,Test 57
test@test.com58,Test 58,Test 58
test@test.com59,Test 59,Test 59
test@test.com60,Test 60,Test 60
test@test.com61,Test 61,Test 61
test@test.com62,Test 62,Test 62
test@test.com63,Test 63,Test 63
test@test.com64,Test 64,Test 64
test@test.com65,Test 65,Test 65
test@test.com66,Test 66,Test 66
test@test.com67,Test 67,Test 67
test@test.com68,Test 68,Test 68
test@test.com69,Test 69,Test 69
test@test.com70,Test 70,Test 70
test@test.com71,Test 71,Test 71
test@test.com72,Test 72,Test 72
test@test.com73,Test 73,Test 73
test@test.com74,Test 74,Test 74
test@test.com75,Test 75,Test 75
test@test.com76,Test 76,Test 76
test@test.com77,Test 77,Test 77
test@test.com78,Test 78,Test 78
test@test.com79,Test 79,Test 79
test@test.com80,Test 80,Test 80
test@test.com81,Test 81,Test 81
test@test.com82,Test 82,Test 82
test@test.com83,Test 83,Test 83
test@test.com84,Test 84,Test 84
test@test.com85,Test 85,Test 85
test@test.com86,Test 86,Test 86
test@test.com87,Test 87,Test 87
test@test.com88,Test 88,Test 88
test@test.com89,Test 89,Test 89
test@test.com90,Test 90,Test 90
test@test.com91,Test 91,Test 91
test@test.com92,Test 92,Test 92
test@test.com93,Test 93,Test 93
test@test.com94,Test 94,Test 94
test@test.com95,Test 95,Test 95
test@test.com96,Test 96,Test 96
test@test.com97,Test 97,Test 97
test@test.com98,Test 98,Test 98
test@test.com99,Test 99,Test 99
test@test.com100,Test 100,Test 100
test@test.com101,Test 101,Test 101
test@test.com102,Test 102,Test 102
test@test.com103,Test 103,Test 103
test@test.com104,Test 104,Test 104
test@test.com105,Test 105,Test 105
test@test.com106,Test 106,Test 106
test@test.com107,Test 107,Test 107
test@test.com108,Test 108,Test 108
test@test.com109,Test 109,Test 109
test@test.com110,Test 110,Test 110
test@test.com111,Test 111,Test 111
test@test.com112,Test 112,Test 112
test@test.com113,Test 113,Test 113
test@test.com114,Test 114,Test 114
test@test.com115,Test 115,Test 115
test@test.com116,Test 116,Test 116
test@test.com117,Test 117,Test 117
test@test.com118,Test 118,Test 118
test@test.com119,Test 119,Test 119
test@test.com120,Test 120,Test 120
test@test.com121,Test 121,Test 121
test@test.com122,Test 122,Test 122
test@test.com123,Test 123,Test 123
test@test.com124,Test 124,Test 124
test@test.com125,Test 125,Test 125
test@test.com126,Test 126,Test 126
test@test.com127,Test 127,Test 127
test@test.com128,Test 128,Test 128
test@test.com129,Test 129,Test 129
test@test.com130,Test 130,Test 130
test@test.com131,Test 131,Test 131
test@test.com132,Test 132,Test 132
test@test.com133,Test 133,Test 133
test@test.com134,Test 134,Test 134
test@test.com135,Test 135,Test 135
test@test.com136,Test 136,Test 136
test@test.com137,Test 137,Test 137
test@test.com138,Test 138,Test 138
test@test.com139,Test 139,Test 139
test@test.com140,Test 140,Test 140
test@test.com141,Test 141,Test 141
test@test.com142,Test 142,Test 142
test@test.com143,Test 143,Test 143
test@test.com144,Test 144,Test 144
test@test.com145,Test 145,Test 145
test@test.com146,Test 146,Test 146
test@test.com147,Test 147,Test 147
test@test.com148,Test 148,Test 148
test@test.com149,Test 149,Test 149
test@test.com150,Test 150,Test 150
test@test.com151,Test 151,Test 151
test@test.com152,Test 152,Test 152
test@test.com153,Test 153,Test 153
test@test.com154,Test 154,Test 154
test@test.com155,Test 155,Test 155
test@test.com156,Test 156,Test 156
test@test.com157,Test 157,Test 157
test@test.com158,Test 158,Test 158
test@test.com159,Test 159,Test 159
test@test.com160,Test 160,Test 160
test@test.com161,Test 161,Test 161
test@test.com162,Test 162,Test 162
test@test.com163,Test 163,Test 163
test@test.com164,Test 164,Test 164
test@test.com165,Test 165,Test 165
test@test.com166,Test 166,Test 166
test@test.com167,Test 167,Test 167
test@test.com168,Test 168,Test 168
test@test.com169,Test 169,Test 169
test@test.com170,Test 170,Test 170
test@test.com171,Test 171,Test 171
test@test.com172,Test 172,Test 172
test@test.com173,Test 173,Test 173
test@test.com174,Test 174,Test 174
test@test.com175,Test 175,Test 175
test@test.com176,Test 176,Test 176
test@test.com177,Test 177,Test 177
test@test.com178,Test 178,Test 178
test@test.com179,Test 179,Test 179
test@test.com180,Test 180,Test 180
test@test.com181,Test 181,Test 181
test@test.com182,Test 182,Test 182
test@test.com183,Test 183,Test 183
test@test.com184,Test 184,Test 184
test@test.com185,Test 185,Test 185
test@test.com186,Test 186,Test 186
test@test.com187,Test 187,Test 187
test@test.com188,Test 188,Test 188
test@test.com189,Test 189,Test 189
test@test.com190,Test 190,Test 190
test@test.com191,Test 191,Test 191
test@test.com192,Test 192,Test 192
test@test.com193,Test 193,Test 193
test@test.com194,Test 194,Test 194
test@test.com195,Test 195,Test 195
test@test.com196,Test 196,Test 196
test@test.com197,Test 197,Test 197
test@test.com198,Test 198,Test 198
test@test.com199,Test 199,Test 199
test@test.com200,Test 200,Test 200
test@test.com201,Test 201,Test 201
test@test.com202,Test 202,Test 202
test@test.com203,Test 203,Test 203
test@test.com204,Test 204,Test 204
test@test.com205,Test 205,Test 205
test@test.com206,Test 206,Test 206
test@test.com207,Test 207,Test 207
test@test.com208,Test 208,Test 208
test@test.com209,Test 209,Test 209
test@test.com210,Test 210,Test 210
test@test.com211,Test 211,Test 211
test@test.com212,Test 212,Test 212
test@test.com213,Test 213,Test 213
test@test.com214,Test 214,Test 214
test@test.com215,Test 215,Test 215
test@test.com216,Test 216,Test 216
test@test.com217,Test 217,Test 217
test@test.com218,Test 218,Test 218
test@test.com219,Test 219,Test 219
test@test.com220,Test 220,Test 220
test@test.com221,Test 221,Test 221
test@test.com222,Test 222,Test 222
test@test.com223,Test 223,Test 223
test@test.com224,Test 224,Test 224
test@test.com225,Test 225,Test 225
test@test.com226,Test 226,Test 226
test@test.com227,Test 227,Test 227
test@test.com228,Test 228,Test 228
test@test.com229,Test 229,Test 229
test@test.com230,Test 230,Test 230
test@test.com231,Test 231,Test 231
test@test.com232,Test 232,Test 232
test@test.com233,Test 233,Test 233
test@test.com234,Test 234,Test 234
test@test.com235,Test 235,Test 235
test@test.com236,Test 236,Test 236
test@test.com237,Test 237,Test 237
test@test.com238,Test 238,Test 238
test@test.com239,Test 239,Test 239
test@test.com240,Test 240,Test 240
test@test.com241,Test 241,Test 241
test@test.com242,Test 242,Test 242
test@test.com243,Test 243,Test 243
test@test.com244,Test 244,Test 244
test@test.com245,Test 245,Test 245
test@test.com246,Test 246,Test 246
test@test.com247,Test 247,Test 247
test@test.com248,Test 248,Test 248
test@test.com249,Test 249,Test 249
test@test.com250,Test 250,Test 250
test@test.com251,Test 251,Test 251
test@test.com252,Test 252,Test 252
test@test.com253,Test 253,Test 253
test@test.com254,Test 254,Test 254
test@test.com255,Test 255,Test 255
test@test.com256,Test 256,Test 256
test@test.com257,Test 257,Test 257
test@test.com258,Test 258,Test 258
test@test.com259,Test 259,Test 259
test@test.com260,Test 260,Test 260
test@test.com261,Test 261,Test 261
test@test.com262,Test 262,Test 262
test@test.com263,Test 263,Test 263
test@test.com264,Test 264,Test 264
test@test.com265,Test 265,Test 265
test@test.com266,Test 266,Test 266
test@test.com267,Test 267,Test 267
test@test.com268,Test 268,Test 268
test@test.com269,Test 269,Test 269
test@test.com270,Test 270,Test 270
test@test.com271,Test 271,Test 271
test@test.com272,Test 272,Test 272
test@test.com273,Test 273,Test 273
test@test.com274,Test 274,Test 274
test@test.com275,Test 275,Test 275
test@test.com276,Test 276,Test 276
test@test.com277,Test 277,Test 277
test@test.com278,Test 278,Test 278
test@test.com279,Test 279,Test 279
test@test.com280,Test 280,Test 280
test@test.com281,Test 281,Test 281
test@test.com282,Test 282,Test 282
test@test.com283,Test 283,Test 283
test@test.com284,Test 284,Test 284
test@test.com285,Test 285,Test 285
test@test.com286,Test 286,Test 286
test@test.com287,Test 287,Test 287
test@test.com288,Test 288,Test 288
test@test.com289,Test 289,Test 289
test@test.com290,Test 290,Test 290
test@test.com291,Test 291,Test 291
test@test.com292,Test 292,Test 292
test@test.com293,Test 293,Test 293
test@test.com294,Test 294,Test 294
test@test.com295,Test 295,Test 295
test@test.com296,Test 296,Test 296
test@test.com297,Test 297,Test 297
test@test.com298,Test 298,Test 298
test@test.com299,Test 299,Test 299
test@test.com300,Test 300,Test 300
test@test.com301,Test 301,Test 301
test@test.com302,Test 302,Test 302
test@test.com303,Test 303,Test 303
test@test.com304,Test 304,Test 304
test@test.com305,Test 305,Test 305
test@test.com306,Test 306,Test 306
test@test.com307,Test 307,Test 307
test@test.com308,Test 308,Test 308
test@test.com309,Test 309,Test 309
test@test.com310,Test 310,Test 310
test@test.com311,Test 311,Test 311
test@test.com312,Test 312,Test 312
test@test.com313,Test 313,Test 313
test@test.com314,Test 314,Test 314
test@test.com315,Test 315,Test 315
test@test.com316,Test 316,Test 316
test@test.com317,Test 317,Test 317
test@test.com318,Test 318,Test 318
test@test.com319,Test 319,Test 319
test@test.com320,Test 320,Test 320
test@test.com321,Test 321,Test 321
test@test.com322,Test 322,Test 322
test@test.com323,Test 323,Test 323
test@test.com324,Test 324,Test 324
test@test.com325,Test 325,Test 325
test@test.com326,Test 326,Test 326
test@test.com327,Test 327,Test 327
test@test.com328,Test 328,Test 328
test@test.com329,Test 329,Test 329
test@test.com330,Test 330,Test 330
test@test.com331,Test 331,Test 331
test@test.com332,Test 332,Test 332
test@test.com333,Test 333,Test 333
test@test.com334,Test 334,Test 334
test@test.com335,Test 335,Test 335
test@test.com336,Test 336,Test 336
test@test.com337,Test 337,Test 337
test@test.com338,Test 338,Test 338
test@test.com339,Test 339,Test 339
test@test.com340,Test 340,Test 340
test@test.com341,Test 341,Test 341
test@test.com342,Test 342,Test 342
test@test.com343,Test 343,Test 343
test@test.com344,Test 344,Test 344
test@test.com345,Test 345,Test 345
test@test.com346,Test 346,Test 346
test@test.com347,Test 347,Test 347
test@test.com348,Test 348,Test 348
test@test.com349,Test 349,Test 349
test@test.com350,Test 350,Test 350
test@test.com351,Test 351,Test 351
test@test.com352,Test 352,Test 352
test@test.com353,Test 353,Test 353
test@test.com354,Test 354,Test 354
test@test.com355,Test 355,Test 355
test@test.com356,Test 356,Test 356
test@test.com357,Test 357,Test 357
test@test.com358,Test 358,Test 358
test@test.com359,Test 359,Test 359
test@test.com360,Test 360,Test 360
test@test.com361,Test 361,Test 361
test@test.com362,Test 362,Test 362
test@test.com363,Test 363,Test 363
test@test.com364,Test 364,Test 364
test@test.com365,Test 365,Test 365
test@test.com366,Test 366,Test 366
test@test.com367,Test 367,Test 367
test@test.com368,Test 368,Test 368
test@test.com369,Test 369,Test 369
test@test.com370,Test 370,Test 370
test@test.com371,Test 371,Test 371
test@test.com372,Test 372,Test 372
test@test.com373,Test 373,Test 373
test@test.com374,Test 374,Test 374
test@test.com375,Test 375,Test 375
test@test.com376,Test 376,Test 376
test@test.com377,Test 377,Test 377
test@test.com378,Test 378,Test 378
test@test.com379,Test 379,Test 379
test@test.com380,Test 380,Test 380
test@test.com381,Test 381,Test 381
test@test.com382,Test 382,Test 382
test@test.com383,Test 383,Test 383
test@test.com384,Test 384,Test 384
test@test.com385,Test 385,Test 385
test@test.com386,Test 386,Test 386
test@test.com387,Test 387,Test 387
test@test.com388,Test 388,Test 388
test@test.com389,Test 389,Test 389
test@test.com390,Test 390,Test 390
test@test.com391,Test 391,Test 391
test@test.com392,Test 392,Test 392
test@test.com393,Test 393,Test 393
test@test.com394,Test 394,Test 394
test@test.com395,Test 395,Test 395
test@test.com396,Test 396,Test 396
test@test.com397,Test 397,Test 397
test@test.com398,Test 398,Test 398
test@test.com399,Test 399,Test 399
test@test.com400,Test 400,Test 400
test@test.com401,Test 401,Test 401
test@test.com402,Test 402,Test 402
test@test.com403,Test 403,Test 403
test@test.com404,Test 404,Test 404
test@test.com405,Test 405,Test 405
test@test.com406,Test 406,Test 406
test@test.com407,Test 407,Test 407
test@test.com408,Test 408,Test 408
test@test.com409,Test 409,Test 409
test@test.com410,Test 410,Test 410
test@test.com411,Test 411,Test 411
test@test.com412,Test 412,Test 412
test@test.com413,Test 413,Test 413
test@test.com414,Test 414,Test 414
test@test.com415,Test 415,Test 415
test@test.com416,Test 416,Test 416
test@test.com417,Test 417,Test 417
test@test.com418,Test 418,Test 418
test@test.com419,Test 419,Test 419
test@test.com420,Test 420,Test 420
test@test.com421,Test 421,Test 421
test@test.com422,Test 422,Test 422
test@test.com423,Test 423,Test 423
test@test.com424,Test 424,Test 424
test@test.com425,Test 425,Test 425
test@test.com426,Test 426,Test 426
test@test.com427,Test 427,Test 427
test@test.com428,Test 428,Test 428
test@test.com429,Test 429,Test 429
test@test.com430,Test 430,Test 430
test@test.com431,Test 431,Test 431
test@test.com432,Test 432,Test 432
test@test.com433,Test 433,Test 433
test@test.com434,Test 434,Test 434
test@test.com435,Test 435,Test 435
test@test.com436,Test 436,Test 436
test@test.com437,Test 437,Test 437
test@test.com438,Test 438,Test 438
test@test.com439,Test 439,Test 439
test@test.com440,Test 440,Test 440
test@test.com441,Test 441,Test 441
test@test.com442,Test 442,Test 442
test@test.com443,Test 443,Test 443
test@test.com444,Test 444,Test 444
test@test.com445,Test 445,Test 445
test@test.com446,Test 446,Test 446
test@test.com447,Test 447,Test 447
test@test.com448,Test 448,Test 448
test@test.com449,Test 449,Test 449
test@test.com450,Test 450,Test 450
test@test.com451,Test 451,Test 451
test@test.com452,Test 452,Test 452
test@test.com453,Test 453,Test 453
test@test.com454,Test 454,Test 454
test@test.com455,Test 455,Test 455
test@test.com456,Test 456,Test 456
test@test.com457,Test 457,Test 457
test@test.com458,Test 458,Test 458
test@test.com459,Test 459,Test 459
test@test.com460,Test 460,Test 460
test@test.com461,Test 461,Test 461
test@test.com462,Test 462,Test 462
test@test.com463,Test 463,Test 463
test@test.com464,Test 464,Test 464
test@test.com465,Test 465,Test 465
test@test.com466,Test 466,Test 466
test@test.com467,Test 467,Test 467
test@test.com468,Test 468,Test 468
test@test.com469,Test 469,Test 469
test@test.com470,Test 470,Test 470
test@test.com471,Test 471,Test 471
test@test.com472,Test 472,Test 472
test@test.com473,Test 473,Test 473
test@test.com474,Test 474,Test 474
test@test.com475,Test 475,Test 475
test@test.com476,Test 476,Test 476
test@test.com477,Test 477,Test 477
test@test.com478,Test 478,Test 478
test@test.com479,Test 479,Test 479
test@test.com480,Test 480,Test 480
test@test.com481,Test 481,Test 481
test@test.com482,Test 482,Test 482
test@test.com483,Test 483,Test 483
test@test.com484,Test 484,Test 484
test@test.com485,Test 485,Test 485
test@test.com486,Test 486,Test 486
test@test.com487,Test 487,Test 487
test@test.com488,Test 488,Test 488
test@test.com489,Test 489,Test 489
test@test.com490,Test 490,Test 490
test@test.com491,Test 491,Test 491
test@test.com492,Test 492,Test 492
test@test.com493,Test 493,Test 493
test@test.com494,Test 494,Test 494
test@test.com495,Test 495,Test 495
test@test.com496,Test 496,Test 496
test@test.com497,Test 497,Test 497
test@test.com498,Test 498,Test 498
test@test.com499,Test 499,Test 499
test@test.com500,Test 500,Test 500
test@test.com501,Test 501,Test 501
test@test.com502,Test 502,Test 502
test@test.com503,Test 503,Test 503
test@test.com504,Test 504,Test 504
test@test.com505,Test 505,Test 505
test@test.com506,Test 506,Test 506
test@test.com507,Test 507,Test 507
test@test.com508,Test 508,Test 508
test@test.com509,Test 509,Test 509
test@test.com510,Test 510,Test 510
test@test.com511,Test 511,Test 511
test@test.com512,Test 512,Test 512
test@test.com513,Test 513,Test 513
test@test.com514,Test 514,Test 514
test@test.com515,Test 515,Test 515
test@test.com516,Test 516,Test 516
test@test.com517,Test 517,Test 517
test@test.com518,Test 518,Test 518
test@test.com519,Test 519,Test 519
test@test.com520,Test 520,Test 520
test@test.com521,Test 521,Test 521
test@test.com522,Test 522,Test 522
test@test.com523,Test 523,Test 523
test@test.com524,Test 524,Test 524
test@test.com525,Test 525,Test 525
test@test.com526,Test 526,Test 526
test@test.com527,Test 527,Test 527
test@test.com528,Test 528,Test 528
test@test.com529,Test 529,Test 529
test@test.com530,Test 530,Test 530
test@test.com531,Test 531,Test 531
test@test.com532,Test 532,Test 532
test@test.com533,Test 533,Test 533
test@test.com534,Test 534,Test 534
test@test.com535,Test 535,Test 535
test@test.com536,Test 536,Test 536
test@test.com537,Test 537,Test 537
test@test.com538,Test 538,Test 538
test@test.com539,Test 539,Test 539
test@test.com540,Test 540,Test 540
test@test.com541,Test 541,Test 541
test@test.com542,Test 542,Test 542
test@test.com543,Test 543,Test 543
test@test.com544,Test 544,Test 544
test@test.com545,Test 545,Test 545
test@test.com546,Test 546,Test 546
test@test.com547,Test 547,Test 547
test@test.com548,Test 548,Test 548
test@test.com549,Test 549,Test 549
test@test.com550,Test 550,Test 550
test@test.com551,Test 551,Test 551
test@test.com552,Test 552,Test 552
test@test.com553,Test 553,Test 553
test@test.com554,Test 554,Test 554
test@test.com555,Test 555,Test 555
test@test.com556,Test 556,Test 556
test@test.com557,Test 557,Test 557
test@test.com558,Test 558,Test 558
test@test.com559,Test 559,Test 559
test@test.com560,Test 560,Test 560
test@test.com561,Test 561,Test 561
test@test.com562,Test 562,Test 562
test@test.com563,Test 563,Test 563
test@test.com564,Test 564,Test 564
test@test.com565,Test 565,Test 565
test@test.com566,Test 566,Test 566
test@test.com567,Test 567,Test 567
test@test.com568,Test 568,Test 568
test@test.com569,Test 569,Test 569
test@test.com570,Test 570,Test 570
test@test.com571,Test 571,Test 571
test@test.com572,Test 572,Test 572
test@test.com573,Test 573,Test 573
test@test.com574,Test 574,Test 574
test@test.com575,Test 575,Test 575
test@test.com576,Test 576,Test 576
test@test.com577,Test 577,Test 577
test@test.com578,Test 578,Test 578
test@test.com579,Test 579,Test 579
test@test.com580,Test 580,Test 580
test@test.com581,Test 581,Test 581
test@test.com582,Test 582,Test 582
test@test.com583,Test 583,Test 583
test@test.com584,Test 584,Test 584
test@test.com585,Test 585,Test 585
test@test.com586,Test 586,Test 586
test@test.com587,Test 587,Test 587
test@test.com588,Test 588,Test 588
test@test.com589,Test 589,Test 589
test@test.com590,Test 590,Test 590
test@test.com591,Test 591,Test 591
test@test.com592,Test 592,Test 592
test@test.com593,Test 593,Test 593
test@test.com594,Test 594,Test 594
test@test.com595,Test 595,Test 595
test@test.com596,Test 596,Test 596
test@test.com597,Test 597,Test 597
test@test.com598,Test 598,Test 598
test@test.com599,Test 599,Test 599
test@test.com600,Test 600,Test 600
test@test.com601,Test 601,Test 601
test@test.com602,Test 602,Test 602
test@test.com603,Test 603,Test 603
test@test.com604,Test 604,Test 604
test@test.com605,Test 605,Test 605
test@test.com606,Test 606,Test 606
test@test.com607,Test 607,Test 607
test@test.com608,Test 608,Test 608
test@test.com609,Test 609,Test 609
test@test.com610,Test 610,Test 610
test@test.com611,Test 611,Test 611
test@test.com612,Test 612,Test 612
test@test.com613,Test 613,Test 613
test@test.com614,Test 614,Test 614
test@test.com615,Test 615,Test 615
test@test.com616,Test 616,Test 616
test@test.com617,Test 617,Test 617
test@test.com618,Test 618,Test 618
test@test.com619,Test 619,Test 619
test@test.com620,Test 620,Test 620
test@test.com621,Test 621,Test 621
test@test.com622,Test 622,Test 622
test@test.com623,Test 623,Test 623
test@test.com624,Test 624,Test 624
test@test.com625,Test 625,Test 625
test@test.com626,Test 626,Test 626
test@test.com627,Test 627,Test 627
test@test.com628,Test 628,Test 628
test@test.com629,Test 629,Test 629
test@test.com630,Test 630,Test 630
test@test.com631,Test 631,Test 631
test@test.com632,Test 632,Test 632
test@test.com633,Test 633,Test 633
test@test.com634,Test 634,Test 634
test@test.com635,Test 635,Test 635
test@test.com636,Test 636,Test 636
test@test.com637,Test 637,Test 637
test@test.com638,Test 638,Test 638
test@test.com639,Test 639,Test 639
test@test.com640,Test 640,Test 640
test@test.com641,Test 641,Test 641
test@test.com642,Test 642,Test 642
test@test.com643,Test 643,Test 643
test@test.com644,Test 644,Test 644
test@test.com645,Test 645,Test 645
test@test.com646,Test 646,Test 646
test@test.com647,Test 647,Test 647
test@test.com648,Test 648,Test 648
test@test.com649,Test 649,Test 649
test@test.com650,Test 650,Test 650
test@test.com651,Test 651,Test 651
test@test.com652,Test 652,Test 652
test@test.com653,Test 653,Test 653
test@test.com654,Test 654,Test 654
test@test.com655,Test 655,Test 655
test@test.com656,Test 656,Test 656
test@test.com657,Test 657,Test 657
test@test.com658,Test 658,Test 658
test@test.com659,Test 659,Test 659
test@test.com660,Test 660,Test 660
test@test.com661,Test 661,Test 661
test@test.com662,Test 662,Test 662
test@test.com663,Test 663,Test 663
test@test.com664,Test 664,Test 664
test@test.com665,Test 665,Test 665
test@test.com666,Test 666,Test 666
test@test.com667,Test 667,Test 667
test@test.com668,Test 668,Test 668
test@test.com669,Test 669,Test 669
test@test.com670,Test 670,Test 670
test@test.com671,Test 671,Test 671
test@test.com672,Test 672,Test 672
test@test.com673,Test 673,Test 673
test@test.com674,Test 674,Test 674
test@test.com675,Test 675,Test 675
test@test.com676,Test 676,Test 676
test@test.com677,Test 677,Test 677
test@test.com678,Test 678,Test 678
test@test.com679,Test 679,Test 679
test@test.com680,Test 680,Test 680
test@test.com681,Test 681,Test 681
test@test.com682,Test 682,Test 682
test@test.com683,Test 683,Test 683
test@test.com684,Test 684,Test 684
test@test.com685,Test 685,Test 685
test@test.com686,Test 686,Test 686
test@test.com687,Test 687,Test 687
test@test.com688,Test 688,Test 688
test@test.com689,Test 689,Test 689
test@test.com690,Test 690,Test 690
test@test.com691,Test 691,Test 691
test@test.com692,Test 692,Test 692
test@test.com693,Test 693,Test 693
test@test.com694,Test 694,Test 694
test@test.com695,Test 695,Test 695
test@test.com696,Test 696,Test 696
test@test.com697,Test 697,Test 697
test@test.com698,Test 698,Test 698
test@test.com699,Test 699,Test 699
test@test.com700,Test 700,Test 700
test@test.com701,Test 701,Test 701
test@test.com702,Test 702,Test 702
test@test.com703,Test 703,Test 703
test@test.com704,Test 704,Test 704
test@test.com705,Test 705,Test 705
test@test.com706,Test 706,Test 706
test@test.com707,Test 707,Test 707
test@test.com708,Test 708,Test 708
test@test.com709,Test 709,Test 709
test@test.com710,Test 710,Test 710
test@test.com711,Test 711,Test 711
test@test.com712,Test 712,Test 712
test@test.com713,Test 713,Test 713
test@test.com714,Test 714,Test 714
test@test.com715,Test 715,Test 715
test@test.com716,Test 716,Test 716
test@test.com717,Test 717,Test 717
test@test.com718,Test 718,Test 718
test@test.com719,Test 719,Test 719
test@test.com720,Test 720,Test 720
test@test.com721,Test 721,Test 721
test@test.com722,Test 722,Test 722
test@test.com723,Test 723,Test 723
test@test.com724,Test 724,Test 724
test@test.com725,Test 725,Test 725
test@test.com726,Test 726,Test 726
test@test.com727,Test 727,Test 727
test@test.com728,Test 728,Test 728
test@test.com729,Test 729,Test 729
test@test.com730,Test 730,Test 730
test@test.com731,Test 731,Test 731
test@test.com732,Test 732,Test 732
test@test.com733,Test 733,Test 733
test@test.com734,Test 734,Test 734
test@test.com735,Test 735,Test 735
test@test.com736,Test 736,Test 736
test@test.com737,Test 737,Test 737
test@test.com738,Test 738,Test 738
test@test.com739,Test 739,Test 739
test@test.com740,Test 740,Test 740
test@test.com741,Test 741,Test 741
test@test.com742,Test 742,Test 742
test@test.com743,Test 743,Test 743
test@test.com744,Test 744,Test 744
test@test.com745,Test 745,Test 745
test@test.com746,Test 746,Test 746
test@test.com747,Test 747,Test 747
test@test.com748,Test 748,Test 748
test@test.com749,Test 749,Test 749
test@test.com750,Test 750,Test 750
test@test.com751,Test 751,Test 751
test@test.com752,Test 752,Test 752
test@test.com753,Test 753,Test 753
test@test.com754,Test 754,Test 754
test@test.com755,Test 755,Test 755
test@test.com756,Test 756,Test 756
test@test.com757,Test 757,Test 757
test@test.com758,Test 758,Test 758
test@test.com759,Test 759,Test 759
test@test.com760,Test 760,Test 760
test@test.com761,Test 761,Test 761
test@test.com762,Test 762,Test 762
test@test.com763,Test 763,Test 763
test@test.com764,Test 764,Test 764
test@test.com765,Test 765,Test 765
test@test.com766,Test 766,Test 766
test@test.com767,Test 767,Test 767
test@test.com768,Test 768,Test 768
test@test.com769,Test 769,Test 769
test@test.com770,Test 770,Test 770
test@test.com771,Test 771,Test 771
test@test.com772,Test 772,Test 772
test@test.com773,Test 773,Test 773
test@test.com774,Test 774,Test 774
test@test.com775,Test 775,Test 775
test@test.com776,Test 776,Test 776
test@test.com777,Test 777,Test 777
test@test.com778,Test 778,Test 778
test@test.com779,Test 779,Test 779
test@test.com780,Test 780,Test 780
test@test.com781,Test 781,Test 781
test@test.com782,Test 782,Test 782
test@test.com783,Test 783,Test 783
test@test.com784,Test 784,Test 784
test@test.com785,Test 785,Test 785
test@test.com786,Test 786,Test 786
test@test.com787,Test 787,Test 787
test@test.com788,Test 788,Test 788
test@test.com789,Test 789,Test 789
test@test.com790,Test 790,Test 790
test@test.com791,Test 791,Test 791
test@test.com792,Test 792,Test 792
test@test.com793,Test 793,Test 793
test@test.com794,Test 794,Test 794
test@test.com795,Test 795,Test 795
test@test.com796,Test 796,Test 796
test@test.com797,Test 797,Test 797
test@test.com798,Test 798,Test 798
test@test.com799,Test 799,Test 799
test@test.com800,Test 800,Test 800
test@test.com801,Test 801,Test 801
test@test.com802,Test 802,Test 802
test@test.com803,Test 803,Test 803
test@test.com804,Test 804,Test 804
test@test.com805,Test 805,Test 805
test@test.com806,Test 806,Test 806
test@test.com807,Test 807,Test 807
test@test.com808,Test 808,Test 808
test@test.com809,Test 809,Test 809
test@test.com810,Test 810,Test 810
test@test.com811,Test 811,Test 811
test@test.com812,Test 812,Test 812
test@test.com813,Test 813,Test 813
test@test.com814,Test 814,Test 814
test@test.com815,Test 815,Test 815
test@test.com816,Test 816,Test 816
test@test.com817,Test 817,Test 817
test@test.com818,Test 818,Test 818
test@test.com819,Test 819,Test 819
test@test.com820,Test 820,Test 820
test@test.com821,Test 821,Test 821
test@test.com822,Test 822,Test 822
test@test.com823,Test 823,Test 823
test@test.com824,Test 824,Test 824
test@test.com825,Test 825,Test 825
test@test.com826,Test 826,Test 826
test@test.com827,Test 827,Test 827
test@test.com828,Test 828,Test 828
test@test.com829,Test 829,Test 829
test@test.com830,Test 830,Test 830
test@test.com831,Test 831,Test 831
test@test.com832,Test 832,Test 832
test@test.com833,Test 833,Test 833
test@test.com834,Test 834,Test 834
test@test.com835,Test 835,Test 835
test@test.com836,Test 836,Test 836
test@test.com837,Test 837,Test 837
test@test.com838,Test 838,Test 838
test@test.com839,Test 839,Test 839
test@test.com840,Test 840,Test 840
test@test.com841,Test 841,Test 841
test@test.com842,Test 842,Test 842
test@test.com843,Test 843,Test 843
test@test.com844,Test 844,Test 844
test@test.com845,Test 845,Test 845
test@test.com846,Test 846,Test 846
test@test.com847,Test 847,Test 847
test@test.com848,Test 848,Test 848
test@test.com849,Test 849,Test 849
test@test.com850,Test 850,Test 850
test@test.com851,Test 851,Test 851
test@test.com852,Test 852,Test 852
test@test.com853,Test 853,Test 853
test@test.com854,Test 854,Test 854
test@test.com855,Test 855,Test 855
test@test.com856,Test 856,Test 856
test@test.com857,Test 857,Test 857
test@test.com858,Test 858,Test 858
test@test.com859,Test 859,Test 859
test@test.com860,Test 860,Test 860
test@test.com861,Test 861,Test 861
test@test.com862,Test 862,Test 862
test@test.com863,Test 863,Test 863
test@test.com864,Test 864,Test 864
test@test.com865,Test 865,Test 865
test@test.com866,Test 866,Test 866
test@test.com867,Test 867,Test 867
test@test.com868,Test 868,Test 868
test@test.com869,Test 869,Test 869
test@test.com870,Test 870,Test 870
test@test.com871,Test 871,Test 871
test@test.com872,Test 872,Test 872
test@test.com873,Test 873,Test 873
test@test.com874,Test 874,Test 874
test@test.com875,Test 875,Test 875
test@test.com876,Test 876,Test 876
test@test.com877,Test 877,Test 877
test@test.com878,Test 878,Test 878
test@test.com879,Test 879,Test 879
test@test.com880,Test 880,Test 880
test@test.com881,Test 881,Test 881
test@test.com882,Test 882,Test 882
test@test.com883,Test 883,Test 883
test@test.com884,Test 884,Test 884
test@test.com885,Test 885,Test 885
test@test.com886,Test 886,Test 886
test@test.com887,Test 887,Test 887
test@test.com888,Test 888,Test 888
test@test.com889,Test 889,Test 889
test@test.com890,Test 890,Test 890
test@test.com891,Test 891,Test 891
test@test.com892,Test 892,Test 892
test@test.com893,Test 893,Test 893
test@test.com894,Test 894,Test 894
test@test.com895,Test 895,Test 895
test@test.com896,Test 896,Test 896
test@test.com897,Test 897,Test 897
test@test.com898,Test 898,Test 898
test@test.com899,Test 899,Test 899
test@test.com900,Test 900,Test 900
test@test.com901,Test 901,Test 901
test@test.com902,Test 902,Test 902
test@test.com903,Test 903,Test 903
test@test.com904,Test 904,Test 904
test@test.com905,Test 905,Test 905
test@test.com906,Test 906,Test 906
test@test.com907,Test 907,Test 907
test@test.com908,Test 908,Test 908
test@test.com909,Test 909,Test 909
test@test.com910,Test 910,Test 910
test@test.com911,Test 911,Test 911
test@test.com912,Test 912,Test 912
test@test.com913,Test 913,Test 913
test@test.com914,Test 914,Test 914
test@test.com915,Test 915,Test 915
test@test.com916,Test 916,Test 916
test@test.com917,Test 917,Test 917
test@test.com918,Test 918,Test 918
test@test.com919,Test 919,Test 919
test@test.com920,Test 920,Test 920
test@test.com921,Test 921,Test 921
test@test.com922,Test 922,Test 922
test@test.com923,Test 923,Test 923
test@test.com924,Test 924,Test 924
test@test.com925,Test 925,Test 925
test@test.com926,Test 926,Test 926
test@test.com927,Test 927,Test 927
test@test.com928,Test 928,Test 928
test@test.com929,Test 929,Test 929
test@test.com930,Test 930,Test 930
test@test.com931,Test 931,Test 931
test@test.com932,Test 932,Test 932
test@test.com933,Test 933,Test 933
test@test.com934,Test 934,Test 934
test@test.com935,Test 935,Test 935
test@test.com936,Test 936,Test 936
test@test.com937,Test 937,Test 937
test@test.com938,Test 938,Test 938
test@test.com939,Test 939,Test 939
test@test.com940,Test 940,Test 940
test@test.com941,Test 941,Test 941
test@test.com942,Test 942,Test 942
test@test.com943,Test 943,Test 943
test@test.com944,Test 944,Test 944
test@test.com945,Test 945,Test 945
test@test.com946,Test 946,Test 946
test@test.com947,Test 947,Test 947
test@test.com948,Test 948,Test 948
test@test.com949,Test 949,Test 949
test@test.com950,Test 950,Test 950
test@test.com951,Test 951,Test 951
test@test.com952,Test 952,Test 952
test@test.com953,Test 953,Test 953
test@test.com954,Test 954,Test 954
test@test.com955,Test 955,Test 955
test@test.com956,Test 956,Test 956
test@test.com957,Test 957,Test 957
test@test.com958,Test 958,Test 958
test@test.com959,Test 959,Test 959
test@test.com960,Test 960,Test 960
test@test.com961,Test 961,Test 961
test@test.com962,Test 962,Test 962
test@test.com963,Test 963,Test 963
test@test.com964,Test 964,Test 964
test@test.com965,Test 965,Test 965
test@test.com966,Test 966,Test 966
test@test.com967,Test 967,Test 967
test@test.com968,Test 968,Test 968
test@test.com969,Test 969,Test 969
test@test.com970,Test 970,Test 970
test@test.com971,Test 971,Test 971
test@test.com972,Test 972,Test 972
test@test.com973,Test 973,Test 973
test@test.com974,Test 974,Test 974
test@test.com975,Test 975,Test 975
test@test.com976,Test 976,Test 976
test@test.com977,Test 977,Test 977
test@test.com978,Test 978,Test 978
test@test.com979,Test 979,Test 979
test@test.com980,Test 980,Test 980
test@test.com981,Test 981,Test 981
test@test.com982,Test 982,Test 982
test@test.com983,Test 983,Test 983
test@test.com984,Test 984,Test 984
test@test.com985,Test 985,Test 985
test@test.com986,Test 986,Test 986
test@test.com987,Test 987,Test 987
test@test.com988,Test 988,Test 988
test@test.com989,Test 989,Test 989
test@test.com990,Test 990,Test 990
test@test.com991,Test 991,Test 991
test@test.com992,Test 992,Test 992
test@test.com993,Test 993,Test 993
test@test.com994,Test 994,Test 994
test@test.com995,Test 995,Test 995
test@test.com996,Test 996,Test 996
test@test.com997,Test 997,Test 997
test@test.com998,Test 998,Test 998
test@test.com999,Test 999,Test 999